,calls,prompt_tokens,completion_tokens,cost_usd
claude-haiku-4-5-20251001,60,160416,6548,0.19315599999999997
claude-opus-4-8,60,239546,12035,1.4986050000000002
gemini-3.1-flash-lite,60,146570,12640,0.0556025
gpt-5.4-mini-2026-03-17,60,139930,4405,0.12476999999999999
llama3-3-70b-instruct,60,148808,4265,0.11021256000000004
minimax-m2.5,60,142107,36096,0.0859473
